{
  "CiteNet": {
    "citeseer": {
      "accuracy": 0.44033333333333335,
      "auc": 0.7551104623439523
    },
    "cora": {
      "accuracy": 0.6516666666666667,
      "auc": 0.9223648861668823
    },
    "pubmed": {
      "accuracy": 0.6946666666666667,
      "auc": 0.8508034377564078
    }
  },
  "DeepWalk": {
    "citeseer": {
      "accuracy": 0.46066666666666667,
      "auc": 0.7636089780886305
    },
    "cora": {
      "accuracy": 0.664,
      "auc": 0.925387194790757
    },
    "pubmed": {
      "accuracy": 0.6866666666666666,
      "auc": 0.8458142583162748
    }
  },
  "GCN": {
    "citeseer": {
      "accuracy": 0.6236666666666667,
      "auc": 0.8544104805243069
    },
    "cora": {
      "accuracy": 0.7816666666666667,
      "auc": 0.960875716204606
    },
    "pubmed": {
      "accuracy": 0.7596666666666667,
      "auc": 0.8969766701870946
    }
  }
}